Accounts I follow (don't actually know the person),Actual Friends & Family,Advertisements/Sponsored Content,Suggested Content/Accounts,Type of Content
✅,,,,games
,,✅,,N/A
✅,,,,humor
✅,,,,games
,,,✅,ranting
✅,,,,humor
✅,,,,humor
,,,✅,humor
,,✅,,N/A
,,,✅,query
✅,,,,humor
,,,✅,humor
,,,✅,people
,,,✅,help
,,✅,,N/A
✅,,,,humor
✅,,,,humor
✅,,,,humor
✅,,,,games
✅,,,,tech
,,✅,,N/A
✅,,,,games
,,,✅,humor
✅,,,,humor
✅,,,,humor
,,,✅,humor
,,,✅,query
,,✅,,N/A
✅,,,,humor
,,✅,,N/A
✅,,,,humor
,,,✅,showcase
✅,,,,humor
,,,✅,humor
✅,,,,tech
,,,✅,help
✅,,,,showcase
✅,,,,games
✅,,,,humor
,,✅,,N/A
✅,,,,humor
✅,,,,tech
,,,✅,humor
,,✅,,N/A
,,,✅,humor
✅,,,,humor
,,,✅,help
,,✅,,N/A
✅,,,,games
✅,,,,showcase
✅,,,,tech
✅,,,,humor
✅,,,,humor
,,,✅,humor
,,✅,,N/A
✅,,,,tech
,,,✅,help
,,,✅,humor
,,✅,,N/A
✅,,,,games
✅,,,,showcase
✅,,,,tech
,,✅,,N/A
✅,,,,humor
,,✅,,N/A
✅,,,,humor
✅,,,,tech
✅,,,,games
✅,,,,showcase
✅,,,,games
✅,,,,games
,,✅,,N/A
,,,✅,humor
,,✅,,N/A
✅,,,,games
✅,,,,humor
✅,,,,humor
,,✅,,N/A
,,,✅,games
✅,,,,tech
✅,,,,tech
,,✅,,N/A
,,,✅,tech
✅,,,,tech
,,✅,,N/A
✅,,,,humor
✅,,,,games
✅,,,,humor
,,✅,,N/A
✅,,,,humor
,,,✅,games
✅,,,,humor
✅,,,,tech
,,✅,,N/A
✅,,,,games
,,,✅,tech
✅,,,,games
✅,,,,tech
✅,,,,humor
,,✅,,N/A
